<?xml version="1.0" encoding="UTF-8"?> 
<java version="1.6.0_25" class="java.beans.XMLDecoder"> 
 <object class="de.tsl2.nano.persistence.Persistence"> 
  <void property="connectionDriverClass"> 
   <string>org.hsqldb.jdbcDriver</string> 
  </void> 
  <void property="connectionPassword"> 
   <string>time</string> 
  </void> 
  <void property="connectionUrl"> 
   <string>jdbc:hsqldb:hsql://localhost:9002</string> 
  </void> 
  <void property="connectionUserName"> 
   <string>time</string> 
  </void> 
  <void property="database"> 
   <string>timedb</string> 
  </void> 
  <void property="datasourceClass"> 
   <string>org.hsqldb.jdbc.jdbcDataSource</string> 
  </void> 
  <void property="defaultSchema"> 
   <string>PUBLIC</string> 
  </void> 
  <void property="hibernateDialect"> 
   <string>org.hibernate.dialect.HSQLDialect</string> 
  </void> 
  <void property="jarFile"> 
   <string>timedb.jar</string> 
  </void> 
 </object> 
</java> 
